"","data","<0","0-11","11-20","20-50","50-100","100-200",">200"
"9","1/1/2013","8.09","3.5",18.25,"42.93","13.5","6.75","6.99"
"10","1/2/2013","8.09","3.5",18.25,"42.93","13.5","6.75","6.99"
"11","1/3/2013","8.09","3.5",18.25,"42.93","13.5","6.75","6.99"
"12","1/4/2013","8.01","3.25",18.82,"42.85","13.41","6.75","6.91"
"13","1/7/2013","8.01","3.25",18.54,"42.8","13.5","6.83","7.07"
"14","1/8/2013","8.01","3.09",18.09,"43.17","13.58","6.87","7.2"
"15","1/9/2013","7.93","3.17",18.21,"43.01","13.5","7.07","7.11"
"16","1/10/2013","7.93","3.17",17.8,"43.29","13.5","7.2","7.11"
"17","1/11/2013","7.93","3.5",18.46,"42.85","13.46","6.95","6.87"
"18","1/14/2013","7.89","3.09",17.48,"43.09","13.98","7.4","7.07"
"19","1/15/2013","7.89","3.01",16.87,"43.25","14.23","7.48","7.28"
"20","1/16/2013","7.85","3.05",16.87,"43.25","14.19","7.32","7.48"
"21","1/17/2013","7.8","3.33",16.99,"43.09","14.07","7.52","7.2"
"22","1/18/2013","7.8","3.13",16.54,"43.41","14.15","7.56","7.4"
"23","1/21/2013","7.8","3.09",16.06,"43.9","14.07","7.64","7.44"
"24","1/22/2013","7.76","3.13",16.79,"43.7","13.82","7.44","7.36"
"25","1/23/2013","7.76","3.17",16.67,"43.5","13.98","7.52","7.4"
"26","1/24/2013","7.76","3.25",17.64,"43.09","13.94","7.07","7.24"
"27","1/25/2013","7.76","3.29",17.8,"42.97","13.86","7.15","7.15"
"28","1/28/2013","7.76","3.17",16.99,"43.21","14.15","7.36","7.36"
"29","1/29/2013","7.76","3.17",16.71,"43.29","14.11","7.48","7.48"
"30","1/30/2013","7.68","3.05",16.46,"43.78","13.86","7.76","7.4"
"31","1/31/2013","7.64","3.05",16.59,"43.78","14.02","7.6","7.32"
"32","2/1/2013","7.64","2.93",16.46,"43.78","14.19","7.64","7.36"
"33","2/4/2013","7.6","2.97",16.54,"44.02","14.07","7.4","7.4"
"34","2/5/2013","7.56","2.76",16.3,"44.43","13.9","7.64","7.4"
"35","2/6/2013","7.56","2.85",16.1,"44.27","14.23","7.56","7.44"
"36","2/7/2013","7.56","2.89",16.06,"44.31","14.35","7.4","7.44"
"37","2/8/2013","7.15","2.85",15.49,"44.67","14.35","7.8","7.68"
"38","2/11/2013","7.15","2.85",15.49,"44.67","14.35","7.8","7.68"
"39","2/12/2013","7.15","2.85",15.49,"44.67","14.35","7.8","7.68"
"40","2/13/2013","7.15","2.85",15.49,"44.67","14.35","7.8","7.68"
"41","2/14/2013","7.15","2.85",15.49,"44.67","14.35","7.8","7.68"
"42","2/15/2013","7.15","2.85",15.49,"44.67","14.35","7.8","7.68"
"43","2/18/2013","7.15","2.89",15.41,"44.19","14.67","7.97","7.72"
"44","2/19/2013","7.15","2.93",15.89,"44.19","14.31","7.85","7.68"
"45","2/20/2013","7.11","2.85",15.53,"43.74","14.84","8.21","7.72"
"46","2/21/2013","7.11","3.13",15.93,"43.78","14.43","7.89","7.72"
"47","2/22/2013","7.11","3.05",16.18,"43.7","14.47","7.8","7.68"
"48","2/25/2013","7.11","3.05",15.81,"43.86","14.55","7.85","7.76"
"49","2/26/2013","7.11","3.13",16.22,"43.86","14.51","7.4","7.76"
"50","2/27/2013","7.11","3.05",16.14,"43.86","14.59","7.52","7.72"
"51","2/28/2013","7.07","2.85",15.81,"43.78","14.92","7.85","7.72"
"52","3/1/2013","7.03","2.89",15.49,"43.37","15.16","8.25","7.8"
"53","3/4/2013","7.03","3.54",16.06,"43.37","14.47","8.01","7.52"
"54","3/5/2013","7.03","3.37",15.57,"42.8","15.28","8.25","7.68"
"55","3/6/2013","7.03","3.25",15.08,"42.97","15.57","8.21","7.89"
"56","3/7/2013","7.03","3.29",15.28,"43.54","14.96","8.01","7.89"
"57","3/8/2013","7.03","3.29",15.57,"43.41","14.96","7.85","7.89"
"58","3/11/2013","6.99","3.21",15.57,"43.46","15.12","7.68","7.97"
"59","3/12/2013","6.99","3.54",15.89,"43.54","14.55","7.76","7.72"
"60","3/13/2013","6.99","3.66",16.02,"43.7","14.27","7.6","7.76"
"61","3/14/2013","6.99","3.58",16.1,"43.54","14.43","7.52","7.85"
"62","3/15/2013","6.99","3.66",15.98,"43.54","14.47","7.56","7.8"
"63","3/18/2013","6.99","3.78",16.5,"43.17","14.55","7.4","7.6"
"64","3/19/2013","6.99","3.62",16.67,"43.21","14.35","7.52","7.64"
"65","3/20/2013","6.99","3.33",16.1,"43.21","14.84","7.76","7.76"
"66","3/21/2013","6.99","3.33",15.73,"43.46","14.72","7.97","7.8"
"67","3/22/2013","6.99","3.29",15.69,"43.25","15.04","7.93","7.8"
"68","3/25/2013","6.99","3.25",15.69,"43.33","14.84","7.97","7.93"
"69","3/26/2013","6.99","3.25",15.85,"43.25","14.88","7.93","7.85"
"70","3/27/2013","6.99","3.25",15.93,"42.97","15.04","7.89","7.93"
"71","3/28/2013","6.99","3.66",16.71,"42.72","14.47","7.93","7.52"
"72","3/29/2013","6.71","4.19",16.3,"43.74","14.07","7.07","7.93"
"73","4/1/2013","6.67","4.15",16.38,"43.46","14.19","7.15","8.01"
"74","4/2/2013","6.67","4.11",16.87,"43.41","13.94","7.11","7.89"
"75","4/3/2013","6.67","4.19",17.4,"43.05","14.07","6.79","7.85"
"76","4/4/2013","6.67","4.19",17.4,"43.05","14.07","6.79","7.85"
"77","4/5/2013","6.67","4.19",17.4,"43.05","14.07","6.79","7.85"
"78","4/8/2013","6.67","4.35",17.2,"43.09","14.11","6.75","7.85"
"79","4/9/2013","6.67","4.11",17.11,"43.01","14.47","6.67","7.97"
"80","4/10/2013","6.71","4.15",17.4,"42.89","14.19","6.75","7.93"
"81","4/11/2013","6.71","4.23",17.56,"42.76","14.23","6.59","7.93"
"82","4/12/2013","6.79","4.27",17.93,"42.6","13.94","6.71","7.76"
"83","4/15/2013","6.79","4.35",18.37,"42.52","13.74","6.59","7.64"
"84","4/16/2013","6.83","4.15",17.97,"42.8","14.02","6.59","7.64"
"85","4/17/2013","6.87","4.15",17.89,"42.52","14.27","6.63","7.68"
"86","4/18/2013","6.95","4.11",17.72,"42.64","14.23","6.67","7.68"
"87","4/19/2013","7.15","3.82",17.03,"42.93","14.67","6.67","7.72"
"88","4/22/2013","7.44","3.78",16.87,"42.68","14.84","6.79","7.6"
"89","4/23/2013","7.93","4.39",17.72,"41.79","14.84","6.22","7.11"
"90","4/24/2013","8.78","4.11",17.28,"41.79","14.84","6.59","6.63"
"91","4/25/2013","9.55","4.27",17.48,"41.87","14.51","6.3","6.02"
"92","4/26/2013","10.77","4.51",17.68,"42.07","13.82","5.81","5.33"
"93","4/29/2013","10.77","4.51",17.68,"42.07","13.82","5.81","5.33"
"94","4/30/2013","10.77","4.51",17.68,"42.07","13.82","5.81","5.33"
"95","5/1/2013","10.77","4.51",17.68,"42.07","13.82","5.81","5.33"
"96","5/2/2013","10.77","4.55",17.64,"41.83","13.94","5.85","5.41"
"97","5/3/2013","10.77","4.31",17.28,"41.63","14.39","6.22","5.41"
"98","5/6/2013","10.77","4.15",16.79,"41.63","14.88","6.3","5.49"
"99","5/7/2013","10.77","4.07",16.83,"41.75","14.72","6.34","5.53"
"100","5/8/2013","10.77","4.07",16.5,"41.42","15.24","6.42","5.57"
"101","5/9/2013","10.77","4.27",16.18,"41.26","15.41","6.54","5.57"
"102","5/10/2013","10.77","4.07",16.22,"41.46","15","6.95","5.53"
"103","5/13/2013","10.77","4.11",16.22,"40.89","15.49","6.95","5.57"
"104","5/14/2013","10.77","4.43",16.3,"40.98","15.28","6.79","5.45"
"105","5/15/2013","10.77","4.35",15.69,"40.81","15.85","6.91","5.61"
"106","5/16/2013","10.77","4.15",15.69,"40.93","15.77","7.2","5.49"
"107","5/17/2013","10.77","3.7",15.49,"41.34","15.77","7.36","5.57"
"108","5/20/2013","10.77","3.7",15.08,"41.06","16.38","7.32","5.69"
"109","5/21/2013","10.77","3.58",14.92,"40.73","16.75","7.48","5.77"
"110","5/22/2013","10.77","3.41",15.28,"41.14","16.22","7.44","5.73"
"111","5/23/2013","10.77","3.7",15.2,"40.98","16.18","7.48","5.69"
"112","5/24/2013","10.77","3.58",14.92,"40.61","16.87","7.56","5.69"
"113","5/27/2013","10.77","3.62",14.63,"40.37","17.11","7.68","5.81"
"114","5/28/2013","10.77","3.46",14.88,"40.85","16.75","7.4","5.89"
"115","5/29/2013","10.77","3.41",14.72,"40.89","16.67","7.56","5.98"
"116","5/30/2013","10.77","3.41",14.67,"40.73","16.91","7.52","5.98"
"117","5/31/2013","10.77","3.58",14.51,"41.18","16.34","7.76","5.85"
"118","6/3/2013","10.77","3.58",14.84,"40.93","16.42","7.56","5.89"
"119","6/4/2013","10.73","3.82",15.33,"40.98","16.06","7.4","5.69"
"120","6/5/2013","10.73","3.82",15.08,"40.93","16.34","7.44","5.65"
"121","6/6/2013","10.73","4.11",15.65,"40.73","16.02","7.15","5.61"
"122","6/7/2013","10.73","4.43",15.61,"40.65","15.93","6.99","5.65"
"123","6/10/2013","10.73","4.43",15.61,"40.65","15.93","6.99","5.65"
"124","6/11/2013","10.73","4.43",15.61,"40.65","15.93","6.99","5.65"
"125","6/12/2013","10.73","4.43",15.61,"40.65","15.93","6.99","5.65"
"126","6/13/2013","10.73","5.08",16.14,"40.69","15.2","6.67","5.49"
"127","6/14/2013","10.73","5.12",15.33,"40.69","15.41","7.15","5.57"
"128","6/17/2013","10.73","5.12",15.61,"40.12","15.69","7.11","5.61"
"129","6/18/2013","10.73","4.96",15.53,"40.16","15.93","7.07","5.61"
"130","6/19/2013","10.73","5.08",15.53,"40.08","16.06","6.87","5.65"
"131","6/20/2013","10.73","5.49",16.18,"40.2","15.24","6.71","5.45"
"132","6/21/2013","10.73","5.61",16.26,"40.2","15.28","6.59","5.33"
"133","6/24/2013","10.73","6.02",18.94,"39.07","14.39","5.93","4.92"
"134","6/25/2013","10.73","6.38",18.78,"38.94","14.43","5.93","4.8"
"135","6/26/2013","10.73","6.34",18.41,"38.29","15.08","6.22","4.92"
"136","6/27/2013","10.73","6.46",19.02,"38.37","14.51","6.06","4.84"
"137","6/28/2013","10.28","6.46",19.51,"38.17","14.31","6.14","5.12"
"138","7/1/2013","10.28","6.38",19.02,"38.13","14.72","6.22","5.24"
"139","7/2/2013","10.28","6.34",18.21,"38.33","15.08","6.46","5.28"
"140","7/3/2013","10.28","6.59",18.13,"37.85","15.28","6.54","5.33"
"141","7/4/2013","10.28","6.3",18.17,"37.8","15.41","6.79","5.24"
"142","7/5/2013","10.24","6.3",18.21,"37.97","15.28","6.75","5.24"
"143","7/8/2013","10.24","6.83",19.67,"37.52","14.39","6.26","5.08"
"144","7/9/2013","10.24","6.75",19.67,"37.28","14.55","6.3","5.2"
"145","7/10/2013","10.24","6.22",18.94,"37.72","14.96","6.71","5.2"
"146","7/11/2013","10.24","5.73",18.29,"38.17","15.45","6.91","5.2"
"147","7/12/2013","10.24","5.93",18.21,"38.01","15.57","6.83","5.2"
"148","7/15/2013","10.24","5.85",17.6,"37.85","16.22","6.99","5.24"
"149","7/16/2013","10.24","5.77",17.15,"38.05","16.34","7.07","5.37"
"150","7/17/2013","10.24","6.02",17.68,"37.6","16.1","7.03","5.33"
"151","7/18/2013","10.24","6.22",17.72,"37.24","16.22","7.07","5.28"
"152","7/19/2013","10.24","6.34",18.58,"37.03","15.69","6.87","5.24"
"153","7/22/2013","10.24","6.38",17.89,"36.79","16.3","7.03","5.37"
"154","7/23/2013","10.24","6.18",17.07,"36.87","17.15","7.11","5.37"
"155","7/24/2013","10.24","6.22",16.83,"36.46","17.6","7.2","5.45"
"156","7/25/2013","10.24","6.3",17.36,"37.07","16.63","7.03","5.37"
"157","7/26/2013","10.2","6.3",17.44,"37.03","16.59","7.07","5.37"
"158","7/29/2013","10.2","6.79",17.93,"36.38","16.59","6.91","5.2"
"159","7/30/2013","10.24","6.54",17.97,"36.83","16.3","6.83","5.28"
"160","7/31/2013","10.33","6.5",17.76,"37.03","16.3","6.79","5.28"
"161","8/1/2013","10.33","6.26",16.79,"37.03","17.15","7.07","5.37"
"162","8/2/2013","10.28","6.26",16.83,"36.99","17.07","7.2","5.37"
"163","8/5/2013","10.28","6.02",16.34,"36.91","17.56","7.52","5.37"
"164","8/6/2013","10.28","5.77",16.42,"37.07","17.52","7.52","5.41"
"165","8/7/2013","10.28","5.85",16.59,"37.15","17.48","7.28","5.37"
"166","8/8/2013","10.33","5.89",16.34,"36.91","17.93","7.28","5.33"
"167","8/9/2013","10.33","5.69",16.34,"37.24","17.76","7.28","5.37"
"168","8/12/2013","10.33","5.49",15.81,"37.8","17.76","7.44","5.37"
"169","8/13/2013","10.45","5.37",15.57,"38.01","17.64","7.6","5.37"
"170","8/14/2013","10.57","5.49",15.81,"37.6","17.6","7.56","5.37"
"171","8/15/2013","10.61","5.53",16.3,"37.48","17.36","7.48","5.24"
"172","8/16/2013","10.73","5.65",16.71,"37.8","16.71","7.32","5.08"
"173","8/19/2013","10.73","5.53",16.14,"37.6","17.28","7.56","5.16"
"174","8/20/2013","11.1","5.65",16.06,"37.56","17.07","7.48","5.08"
"175","8/21/2013","11.26","5.57",16.02,"37.07","17.32","7.68","5.08"
"176","8/22/2013","11.5","5.57",16.06,"37.15","17.28","7.4","5.04"
"177","8/23/2013","11.54","5.77",15.81,"36.99","17.44","7.52","4.92"
"178","8/26/2013","11.75","5.53",15.24,"37.11","17.97","7.56","4.84"
"179","8/27/2013","12.2","5.33",15.2,"37.11","17.85","7.6","4.72"
"180","8/28/2013","12.4","5.37",15.49,"36.95","17.89","7.32","4.59"
"181","8/29/2013","12.76","5.33",15.33,"36.91","17.97","7.24","4.47"
"182","8/30/2013","13.13","5.04",16.02,"37.6","17.2","6.79","4.23"
"183","9/2/2013","13.13","5.2",15.61,"37.32","17.48","6.95","4.31"
"184","9/3/2013","13.13","5.2",14.76,"37.68","17.8","7.11","4.31"
"185","9/4/2013","13.13","5.24",14.8,"37.6","17.89","7.03","4.31"
"186","9/5/2013","13.13","5.28",14.92,"37.28","17.93","7.15","4.31"
"187","9/6/2013","13.13","5.2",14.67,"37.15","18.29","7.2","4.35"
"188","9/9/2013","13.13","4.92",14.63,"37.6","18.05","7.24","4.43"
"189","9/10/2013","13.13","4.84",14.31,"37.8","18.13","7.32","4.47"
"190","9/11/2013","13.13","4.67",14.55,"38.21","17.6","7.44","4.39"
"191","9/12/2013","13.13","4.55",14.72,"38.41","17.4","7.36","4.43"
"192","9/13/2013","13.13","4.59",14.88,"37.76","17.68","7.48","4.47"
"193","9/16/2013","13.13","4.63",14.51,"37.89","17.97","7.36","4.51"
"194","9/17/2013","13.13","4.96",14.72,"37.93","17.72","7.11","4.43"
"195","9/18/2013","13.13","4.92",14.51,"38.21","17.56","7.24","4.43"
"196","9/19/2013","13.17","4.92",14.51,"38.2","17.55","7.23","4.43"
"197","9/20/2013","13.17","4.92",14.51,"38.2","17.55","7.23","4.43"
"198","9/23/2013","13.17","4.79",14.1,"37.67","18.16","7.64","4.47"
"199","9/24/2013","13.17","4.67",14.34,"37.26","18.41","7.68","4.47"
"200","9/25/2013","13.17","4.67",14.26,"37.75","17.92","7.72","4.51"
"201","9/26/2013","13.17","5.32",14.26,"37.63","17.64","7.56","4.43"
"202","9/27/2013","13.17","5.24",14.43,"37.22","17.84","7.68","4.43"
"203","9/30/2013","13.04","5.24",14.63,"37.42","17.03","7.8","4.84"
"204","10/1/2013","13.04","5.24",14.63,"37.42","17.03","7.8","4.84"
"205","10/2/2013","13.04","5.24",14.63,"37.42","17.03","7.8","4.84"
"206","10/3/2013","13.04","5.24",14.63,"37.42","17.03","7.8","4.84"
"207","10/4/2013","13.04","5.24",14.63,"37.42","17.03","7.8","4.84"
"208","10/7/2013","13.04","5.24",14.63,"37.42","17.03","7.8","4.84"
"209","10/8/2013","13.04","5.12",14.51,"37.3","17.31","7.8","4.92"
"210","10/9/2013","13.04","4.96",14.43,"36.85","17.68","8.09","4.96"
"211","10/10/2013","13.04","4.96",14.38,"37.26","17.31","8.13","4.92"
"212","10/11/2013","13.04","4.79",14.1,"37.55","17.43","8.13","4.96"
"213","10/14/2013","13.04","4.67",13.9,"37.34","17.8","8.13","5.12"
"214","10/15/2013","13.12","4.67",13.77,"37.55","17.43","8.45","5"
"215","10/16/2013","13.12","4.96",14.38,"37.75","16.98","8","4.79"
"216","10/17/2013","13.12","5",14.18,"37.63","17.27","7.92","4.88"
"217","10/18/2013","13.17","5",14.14,"37.63","17.07","7.96","5.04"
"218","10/21/2013","13.12","4.92",13.61,"37.34","17.59","8.29","5.12"
"219","10/22/2013","13.21","5",13.73,"37.51","17.23","8.25","5.08"
"220","10/23/2013","13.25","5.08",14.47,"37.51","16.86","7.88","4.96"
"221","10/24/2013","13.21","5.08",14.67,"37.51","16.86","7.76","4.92"
"222","10/25/2013","13.57","5.28",14.75,"37.71","16.33","7.6","4.75"
"223","10/28/2013","13.69","5.32",14.75,"37.34","16.86","7.31","4.71"
"224","10/29/2013","13.73","5.53",15.48,"37.3","16.33","7.11","4.51"
"225","10/30/2013","13.98","5.36",15.12,"37.18","16.66","7.31","4.39"
"226","10/31/2013","14.55","5.36",15.24,"37.34","16.29","7.03","4.19"
"227","11/1/2013","14.55","5.36",15.24,"37.55","16.21","6.99","4.1"
"228","11/4/2013","14.55","5.36",15.08,"37.71","16.13","6.99","4.19"
"229","11/5/2013","14.55","5.2",14.91,"37.55","16.33","7.31","4.14"
"230","11/6/2013","14.55","5.2",15.2,"37.42","16.42","6.99","4.23"
"231","11/7/2013","14.55","5.36",15.48,"37.34","16.09","6.91","4.27"
"232","11/8/2013","14.55","5.57",15.81,"37.26","15.64","6.91","4.27"
"233","11/11/2013","14.55","5.61",15.4,"37.34","15.97","6.91","4.23"
"234","11/12/2013","14.55","5.53",15.24,"37.42","16.05","6.99","4.23"
"235","11/13/2013","14.55","5.77",15.48,"37.3","15.85","6.99","4.06"
"236","11/14/2013","14.55","5.73",15.2,"37.1","16.09","7.27","4.06"
"237","11/15/2013","14.55","5.36",14.95,"36.85","16.74","7.48","4.06"
"238","11/18/2013","14.55","5.24",14.55,"36.69","17.11","7.44","4.43"
"239","11/19/2013","14.55","5.16",14.55,"36.49","17.31","7.4","4.55"
"240","11/20/2013","14.55","4.96",14.59,"36.37","17.31","7.64","4.59"
"241","11/21/2013","14.55","5.04",14.59,"36.53","17.15","7.6","4.55"
"242","11/22/2013","14.55","4.96",14.67,"36.9","16.82","7.4","4.71"
"243","11/25/2013","14.55","5.08",14.55,"36.69","16.9","7.6","4.63"
"244","11/26/2013","14.55","5.08",14.63,"36","17.43","7.64","4.67"
"245","11/27/2013","14.55","4.92",14.47,"36","17.68","7.56","4.84"
"246","11/28/2013","14.55","4.84",14.22,"36.08","17.8","7.64","4.88"
"247","11/29/2013","14.55","4.84",14.18,"35.88","17.76","7.92","4.88"
"248","12/2/2013","14.55","5.28",14.87,"36.73","17.27","6.99","4.31"
"249","12/3/2013","14.55","5.04",14.43,"37.18","17.11","7.19","4.51"
"250","12/4/2013","14.55","4.92",13.9,"37.46","17.23","7.48","4.47"
"251","12/5/2013","14.55","4.88",13.98,"37.87","16.66","7.64","4.43"
"252","12/6/2013","14.55","4.84",14.02,"37.99","16.62","7.52","4.47"
"253","12/9/2013","14.55","4.79",13.9,"37.55","17.07","7.72","4.43"
"254","12/10/2013","14.55","4.84",13.65,"37.67","17.35","7.56","4.39"
"255","12/11/2013","14.55","4.88",14.14,"37.3","17.43","7.35","4.35"
"256","12/12/2013","14.55","4.88",14.06,"37.51","17.07","7.52","4.43"
"257","12/13/2013","14.55","4.88",13.9,"37.34","17.31","7.6","4.43"
"258","12/16/2013","14.55","5.08",14.02,"37.26","17.27","7.48","4.35"
"259","12/17/2013","14.55","5.12",14.1,"37.55","17.11","7.23","4.35"
"260","12/18/2013","14.55","5.2",14.1,"37.51","17.03","7.27","4.35"
"261","12/19/2013","14.55","5.53",13.86,"37.59","16.94","7.27","4.27"
"262","12/20/2013","14.54","5.73",14.3,"37.33","16.69","7.19","4.22"
"263","12/23/2013","14.54","5.65",14.62,"37.12","16.65","7.23","4.18"
"264","12/24/2013","14.54","5.61",14.42,"37.12","16.77","7.27","4.26"
"265","12/25/2013","14.54","5.56",13.97,"36.68","17.38","7.55","4.31"
"266","12/26/2013","14.54","5.85",14.22,"36.92","16.94","7.35","4.18"
"267","12/27/2013","14.54","5.69",13.85,"36.72","17.42","7.51","4.26"
"268","12/30/2013","14.54","5.61",13.77,"36.6","17.59","7.64","4.26"
"269","12/31/2013","14.13","4.75",14.38,"35.38","17.59","8.2","5.56"
"270","1/1/2014","14.13","4.75",14.38,"35.38","17.59","8.2","5.56"
"271","1/2/2014","14.13","4.79",14.34,"35.09","17.63","8.37","5.65"
"272","1/3/2014","14.13","4.91",14.66,"34.73","17.71","8.25","5.61"
"273","1/6/2014","14.13","5.28",14.95,"34.89","17.42","8","5.32"
"274","1/7/2014","14.13","5.24",14.91,"34.65","17.63","8","5.44"
"275","1/8/2014","14.13","5.24",14.78,"34.48","17.71","8.25","5.4"
"276","1/9/2014","14.13","5.2",15.6,"34.4","17.34","8","5.32"
"277","1/10/2014","14.09","5.48",15.56,"34.93","16.82","7.88","5.24"
"278","1/13/2014","14.09","5.56",15.68,"34.61","16.94","8","5.12"
"279","1/14/2014","14.09","5.44",15.48,"34.24","17.42","7.84","5.48"
"280","1/15/2014","14.09","5.48",15.15,"34","17.71","8","5.56"
"281","1/16/2014","14.09","5.48",15.11,"33.96","17.87","7.88","5.61"
"282","1/17/2014","14.09","5.52",15.39,"34.04","17.67","7.84","5.44"
"283","1/20/2014","14.09","5.56",15.71,"33.7","17.74","7.88","5.32"
"284","1/21/2014","14.09","5.48",15.31,"33.66","17.82","8.12","5.52"
"285","1/22/2014","14.04","5.14",14.65,"34.28","18.01","8.38","5.5"
"286","1/23/2014","14.04","5.14",14.68,"34.06","18","8.5","5.58"
"287","1/24/2014","14.07","5",14.27,"34.03","18.47","8.51","5.65"
"288","1/27/2014","14.07","5",14.43,"34.14","18.14","8.59","5.64"
"289","1/28/2014","14.18","5.02",14.3,"34.23","18.32","8.28","5.66"
"290","1/29/2014","14.17","4.92",14.17,"34.19","18.37","8.49","5.68"
"291","1/30/2014","14.21","4.99",14.25,"33.97","18.44","8.46","5.67"
"292","1/31/2014","14.21","4.99",14.25,"33.97","18.44","8.46","5.67"
"293","2/3/2014","14.21","4.99",14.25,"33.97","18.44","8.46","5.67"
"294","2/4/2014","14.21","4.99",14.25,"33.97","18.44","8.46","5.67"
"295","2/5/2014","14.21","4.99",14.25,"33.97","18.44","8.46","5.67"
"296","2/6/2014","14.21","4.99",14.25,"33.97","18.44","8.46","5.67"
"297","2/7/2014","14.21","4.99",13.97,"33.69","18.56","8.7","5.87"
"298","2/10/2014","14.21","4.79",13.01,"34.01","18.92","8.98","6.07"
"299","2/11/2014","14.25","4.71",12.89,"34.04","18.87","9.06","6.19"
"300","2/12/2014","14.24","4.63",12.64,"34.14","18.87","9.21","6.26"
"301","2/13/2014","14.24","4.71",13,"34.22","18.79","8.9","6.14"
"302","2/14/2014","14.24","4.71",12.52,"34.06","18.99","9.09","6.38"
"303","2/17/2014","14.24","4.47",12.37,"33.43","19.66","9.33","6.5"
"304","2/18/2014","14.16","4.51",12.25,"33.71","19.35","9.53","6.5"
"305","2/19/2014","14.16","4.55",12.05,"34.1","19.19","9.33","6.62"
"306","2/20/2014","14.14","4.62",12.51,"34.1","18.92","9.36","6.33"
"307","2/21/2014","14.1","4.66",12.79,"33.82","18.92","9.32","6.37"
"308","2/24/2014","14.1","4.98",12.59,"33.39","19.16","9.36","6.41"
"309","2/25/2014","14.1","5.26",13.51,"33.31","18.76","8.92","6.14"
"310","2/26/2014","14.14","5.18",13.31,"33.39","19","8.76","6.22"
"311","2/27/2014","14.06","5.22",13.75,"33.47","18.53","8.88","6.1"
"312","2/28/2014","13.86","5.22",13.31,"33.75","18.65","9.04","6.18"
"313","3/3/2014","13.78","4.98",13.03,"33.43","19.16","9.28","6.33"
"314","3/4/2014","13.75","4.94",13.19,"33.19","19.12","9.44","6.37"
"315","3/5/2014","13.75","4.98",13.23,"33.43","18.69","9.52","6.41"
"316","3/6/2014","13.67","4.82",13.11,"33.67","18.8","9.56","6.37"
"317","3/7/2014","13.67","5.02",13.07,"33.51","18.88","9.48","6.37"
"318","3/10/2014","13.67","5.18",14.14,"34.06","17.61","9.4","5.94"
"319","3/11/2014","13.67","5.14",14.18,"33.94","17.85","9.32","5.9"
"320","3/12/2014","13.78","5.02",14.22,"34.1","17.65","9.32","5.9"
"321","3/13/2014","13.78","4.9",14.06,"33.86","17.93","9.4","6.06"
"322","3/14/2014","13.71","5.02",14.14,"33.63","18.17","9.32","6.02"
"323","3/17/2014","13.71","4.94",13.51,"33.86","18.29","9.44","6.25"
"324","3/18/2014","13.59","4.86",13.67,"33.51","18.33","9.64","6.41"
"325","3/19/2014","13.47","4.94",13.67,"33.15","18.8","9.48","6.49"
"326","3/20/2014","13.31","5.14",14.18,"33.71","18.09","9.2","6.37"
"327","3/21/2014","13.23","4.74",14.06,"33.43","18.69","9.24","6.61"
"328","3/24/2014","13.19","4.62",13.82,"33.86","18.69","9.36","6.45"
"329","3/25/2014","12.95","4.54",13.78,"34.14","18.61","9.28","6.69"
"330","3/26/2014","12.75","4.66",13.55,"34.14","18.8","9.24","6.85"
"331","3/27/2014","12.63","4.66",14.14,"34.22","18.21","9.48","6.65"
"332","3/28/2014","12.27","4.74",14.58,"35.14","17.41","9.24","6.61"
"333","3/31/2014","12.11","5.38",14.66,"34.9","16.93","9.16","6.85"
"334","4/1/2014","12.11","5.22",14.5,"34.58","17.41","9.2","6.97"
"335","4/2/2014","12.07","5.06",14.7,"34.78","17.29","9.12","6.97"
"336","4/3/2014","12.07","5.14",14.5,"34.66","17.45","9.16","7.01"
"337","4/4/2014","12.03","5.06",14.26,"34.34","17.73","9.44","7.13"
"338","4/7/2014","12.03","5.06",14.26,"34.34","17.73","9.44","7.13"
"339","4/8/2014","11.99","4.82",13.9,"34.42","18.33","9.36","7.17"
"340","4/9/2014","11.87","4.7",13.78,"34.18","18.61","9.52","7.33"
"341","4/10/2014","11.95","4.5",13.86,"34.22","18.65","9.52","7.29"
"342","4/11/2014","11.99","4.58",13.98,"34.26","18.45","9.48","7.25"
"343","4/14/2014","11.99","4.5",13.82,"33.98","18.92","9.36","7.41"
"344","4/15/2014","11.63","4.66",14.14,"33.75","18.88","9.4","7.53"
"345","4/16/2014","11.51","4.62",14.14,"33.75","19.08","9.36","7.53"
"346","4/17/2014","11.51","4.9",13.86,"33.78","19.08","9.4","7.45"
"347","4/18/2014","11.31","4.9",13.82,"33.67","19.24","9.48","7.57"
"348","4/21/2014","11.31","5.02",14.38,"33.63","18.76","9.48","7.41"
"349","4/22/2014","11.47","5.18",14.18,"34.42","18.09","9.36","7.29"
"350","4/23/2014","11.51","5.1",14.18,"34.66","17.89","9.36","7.29"
"351","4/24/2014","11.47","5.22",14.62,"34.5","17.73","9.32","7.13"
"352","4/25/2014","11.31","5.46",15.18,"34.7","17.33","8.88","7.13"
"353","4/28/2014","11.24","5.74",16.1,"35.02","16.53","8.45","6.93"
"354","4/29/2014","11.75","5.58",15.9,"34.78","17.01","8.33","6.65"
"355","4/30/2014","11.79","5.5",15.46,"35.02","16.97","8.61","6.65"
"356","5/1/2014","11.79","5.5",15.46,"35.02","16.97","8.61","6.65"
"357","5/2/2014","11.79","5.5",15.46,"35.02","16.97","8.61","6.65"
"358","5/5/2014","11.79","5.5",15.18,"34.78","17.33","8.73","6.69"
"359","5/6/2014","11.79","5.42",15.14,"34.62","17.33","8.88","6.81"
"360","5/7/2014","11.79","5.66",15.5,"34.62","16.93","8.8","6.69"
"361","5/8/2014","11.79","5.7",15.42,"34.66","16.89","8.84","6.69"
"362","5/9/2014","11.79","5.86",15.5,"34.62","17.01","8.57","6.65"
"363","5/12/2014","11.79","5.46",15.06,"34.78","17.33","8.88","6.69"
"364","5/13/2014","11.79","5.46",15.22,"34.5","17.41","8.8","6.81"
"365","5/14/2014","11.79","5.42",15.42,"34.42","17.41","8.8","6.73"
"366","5/15/2014","11.79","5.9",15.38,"34.9","16.69","8.61","6.73"
"367","5/16/2014","11.79","5.9",15.34,"34.82","16.89","8.57","6.69"
"368","5/19/2014","11.79","5.82",15.66,"34.82","16.65","8.61","6.65"
"369","5/20/2014","11.79","5.98",15.38,"34.7","16.81","8.57","6.77"
"370","5/21/2014","11.79","5.78",15.38,"34.58","17.09","8.53","6.85"
"371","5/22/2014","11.79","5.82",15.58,"34.3","17.21","8.45","6.85"
"372","5/23/2014","11.79","5.66",15.46,"34.06","17.45","8.69","6.89"
"373","5/26/2014","11.79","5.54",15.18,"34.26","17.45","8.73","7.05"
"374","5/27/2014","11.75","5.58",15.26,"34.34","17.25","8.8","7.01"
"375","5/28/2014","11.75","5.5",15.3,"33.75","17.57","9.08","7.05"
"376","5/29/2014","11.75","5.74",15.42,"33.78","17.49","8.8","7.01"
"377","5/30/2014","11.75","5.66",15.5,"33.67","17.49","8.76","7.17"
"378","6/2/2014","11.75","5.66",15.5,"33.67","17.49","8.76","7.17"
"379","6/3/2014","11.75","5.7",15.42,"33.86","17.45","8.76","7.05"
"380","6/4/2014","11.75","5.9",15.3,"34.02","17.41","8.65","6.97"
"381","6/5/2014","11.75","5.74",15.14,"33.86","17.65","8.8","7.05"
"382","6/6/2014","11.75","5.86",15.02,"33.86","17.61","8.84","7.05"
"383","6/9/2014","11.75","5.94",15.02,"34.14","17.17","9","6.97"
"384","6/10/2014","11.75","5.66",15.02,"33.9","17.49","9.12","7.05"
"385","6/11/2014","11.75","5.58",15.06,"33.59","17.65","9.2","7.17"
"386","6/12/2014","11.75","5.66",14.9,"33.67","17.73","9.12","7.17"
"387","6/13/2014","11.75","5.46",14.78,"33.63","18.05","8.96","7.37"
"388","6/16/2014","11.75","5.38",14.82,"33.35","18.17","9.16","7.37"
"389","6/17/2014","11.75","5.54",14.98,"33.31","17.97","9.2","7.25"
"390","6/18/2014","11.75","5.66",15.02,"33.47","17.85","9.2","7.05"
"391","6/19/2014","11.75","6.02",15.54,"33.51","17.41","8.96","6.81"
"392","6/20/2014","11.75","5.94",15.34,"33.27","17.81","8.96","6.93"
"393","6/23/2014","11.75","5.86",14.98,"33.35","17.85","9.2","7.01"
"394","6/24/2014","11.75","5.98",14.7,"33.15","18.13","9.2","7.09"
"395","6/25/2014","11.75","5.98",14.74,"33.19","17.97","9.28","7.09"
"396","6/26/2014","11.75","5.9",14.3,"33.15","18.25","9.24","7.41"
"397","6/27/2014","11.74","5.73",14.25,"33.11","18.46","9.19","7.52"
"398","6/30/2014","11.66","5.89",14.29,"33.15","17.67","9.79","7.56"
"399","7/1/2014","11.65","5.81",14.28,"33.02","17.9","9.63","7.72"
"400","7/2/2014","11.69","5.69",14.23,"32.92","18.17","9.5","7.79"
"401","7/3/2014","11.68","5.68",14.06,"32.88","18.51","9.33","7.86"
"402","7/4/2014","11.67","5.72",14.01,"33.11","18.22","9.33","7.94"
"403","7/7/2014","11.67","5.56",14.21,"33.23","17.98","9.41","7.94"
"404","7/8/2014","11.67","5.6",13.97,"32.87","18.42","9.45","8.02"
"405","7/9/2014","11.67","5.88",13.97,"33.19","17.82","9.45","8.02"
"406","7/10/2014","11.67","5.72",14.09,"33.15","17.75","9.57","8.06"
"407","7/11/2014","11.67","5.6",14.01,"33.23","17.94","9.49","8.06"
"408","7/14/2014","11.67","5.52",13.82,"33.19","18.14","9.49","8.18"
"409","7/15/2014","11.67","5.48",13.93,"33.35","17.98","9.49","8.1"
"410","7/16/2014","11.67","5.4",14.13,"33.55","18.06","9.21","7.98"
"411","7/17/2014","11.67","5.44",14.21,"33.62","17.94","9.17","7.94"
"412","7/18/2014","11.67","5.44",14.25,"33.66","17.86","9.09","8.02"
"413","7/21/2014","11.67","5.4",14.37,"33.65","17.98","9.05","7.9"
"414","7/22/2014","11.67","5.2",14.17,"33.73","18.1","9.01","8.13"
"415","7/23/2014","11.67","5.52",14.05,"33.93","17.82","9.17","7.86"
"416","7/24/2014","11.67","5.2",14.44,"33.97","17.9","9.01","7.82"
"417","7/25/2014","11.63","5.2",13.93,"34.21","18.1","9.05","7.9"
"418","7/28/2014","11.59","4.92",13.97,"34.13","17.9","9.4","8.1"
"419","7/29/2014","11.59","4.92",13.57,"34.09","18.06","9.64","8.13"
"420","7/30/2014","11.63","4.88",13.33,"34.09","18.29","9.68","8.1"
"421","7/31/2014","11.63","4.84",13.25,"33.97","18.33","9.72","8.25"
"422","8/1/2014","11.69","4.84",13.48,"34.17","18.19","9.59","8.05"
"423","8/4/2014","11.67","4.67",13.01,"34.41","18.39","9.61","8.23"
"424","8/5/2014","11.79","4.63",12.86,"34.1","18.59","9.89","8.15"
"425","8/6/2014","11.74","4.74",12.53,"34.08","18.78","9.96","8.15"
"426","8/7/2014","11.74","4.86",13.05,"33.69","18.78","9.73","8.15"
"427","8/8/2014","11.82","4.78",12.81,"33.69","18.98","9.77","8.15"
"428","8/11/2014","11.82","4.66",12.41,"33.99","19.01","9.8","8.3"
"429","8/12/2014","11.82","4.58",12.45,"33.99","18.89","9.96","8.3"
"430","8/13/2014","11.94","4.58",12.45,"33.79","18.89","10.04","8.3"
"431","8/14/2014","11.94","4.7",12.53,"33.68","18.77","10.24","8.14"
"432","8/15/2014","11.98","4.58",12.29,"33.56","19.13","10.16","8.3"
"433","8/18/2014","12.06","4.47",11.94,"33.72","19.21","10.12","8.5"
"434","8/19/2014","12.17","4.51",11.9,"33.44","19.21","10.4","8.38"
"435","8/20/2014","12.29","4.35",12.02,"33.24","19.37","10.43","8.3"
"436","8/21/2014","12.37","4.39",12.17,"33.08","19.29","10.36","8.34"
"437","8/22/2014","12.45","4.35",12.09,"32.96","19.49","10.32","8.34"
"438","8/25/2014","12.56","4.27",12.13,"33.39","19.16","10.23","8.26"
"439","8/26/2014","12.64","4.58",12.6,"33.25","19","9.87","8.06"
"440","8/27/2014","12.8","4.62",12.44,"33.02","19.19","9.79","8.14"
"441","8/28/2014","13.15","4.7",12.64,"32.86","19","9.72","7.94"
"442","8/29/2014","13.35","4.5",12.48,"32.94","19.12","9.68","7.94"
"443","9/1/2014","13.35","4.42",11.97,"32.86","19.59","9.68","8.14"
"444","9/2/2014","13.35","4.27",11.89,"32.7","19.63","9.87","8.29"
"445","9/3/2014","13.35","4.23",11.65,"32.74","19.75","9.91","8.37"
"446","9/4/2014","13.35","4.19",11.53,"32.58","19.83","9.99","8.53"
"447","9/5/2014","13.35","4.19",11.45,"32.5","19.79","10.19","8.53"
"448","9/8/2014","13.34","4.18",11.45,"32.53","19.78","10.19","8.53"
"449","9/9/2014","13.34","4.22",11.37,"32.21","20.21","9.99","8.65"
"450","9/10/2014","13.38","4.1",11.44,"32.04","20.21","10.14","8.68"
"451","9/11/2014","13.36","4.18",11.35,"31.95","20.41","10.01","8.75"
"452","9/12/2014","13.36","4.06",11.27,"31.84","20.33","10.36","8.79"
"453","9/15/2014","13.35","3.94",11.18,"31.5","20.75","10.24","9.06"
"454","9/16/2014","13.35","4.21",11.54,"32.2","20.08","10.04","8.58"
"455","9/17/2014","13.35","4.13",11.54,"31.89","20.39","10.08","8.62"
"456","9/18/2014","13.35","4.06",11.54,"31.89","20.16","10.2","8.82"
"457","9/19/2014","13.35","4.09",11.18,"31.61","20.47","10.35","8.94"
"458","9/22/2014","13.35","4.13",11.18,"32.13","20","10.43","8.78"
"459","9/23/2014","13.35","4.06",11.06,"31.77","20.28","10.59","8.9"
"460","9/24/2014","13.35","3.82",11.02,"31.5","20.59","10.71","9.02"
"461","9/25/2014","13.35","3.82",11.02,"31.61","20.35","10.75","9.09"
"462","9/26/2014","13.35","3.74",10.98,"31.73","20.24","10.79","9.17"
"463","9/29/2014","13.34","3.66",10.94,"31.21","20.74","10.82","9.29"
"464","9/30/2014","13.26","3.74",10.74,"30.92","21.28","10.5","9.56"
"465","10/1/2014","13.25","3.74",10.74,"30.95","21.27","10.5","9.56"
"466","10/2/2014","13.25","3.74",10.74,"30.95","21.27","10.5","9.56"
"467","10/3/2014","13.25","3.74",10.74,"30.95","21.27","10.5","9.56"
"468","10/6/2014","13.25","3.74",10.74,"30.95","21.27","10.5","9.56"
"469","10/7/2014","13.25","3.74",10.74,"30.95","21.27","10.5","9.56"
"470","10/8/2014","13.25","3.62",10.54,"30.59","21.75","10.7","9.56"
"471","10/9/2014","13.25","3.62",10.38,"30.95","21.23","11.05","9.52"
"472","10/10/2014","13.27","3.65",10.64,"30.65","21.62","10.71","9.46"
"473","10/13/2014","13.24","3.57",10.54,"31.03","21.51","10.58","9.52"
"474","10/14/2014","13.24","3.64",10.5,"31.26","21.27","10.61","9.48"
"475","10/15/2014","13.2","3.64",10.3,"31.26","21.39","10.61","9.6"
"476","10/16/2014","13.19","3.72",10.49,"31.44","20.99","10.81","9.36"
"477","10/17/2014","13.19","3.76",10.88,"31.44","20.95","10.42","9.36"
"478","10/20/2014","13.19","3.72",10.65,"31.13","21.22","10.65","9.44"
"479","10/21/2014","13.39","3.64",10.77,"31.52","20.79","10.65","9.24"
"480","10/22/2014","13.35","3.72",11,"31.44","20.63","10.73","9.12"
"481","10/23/2014","13.39","3.92",11.35,"31.48","20.6","10.45","8.81"
"482","10/24/2014","13.47","3.88",11.24,"31.64","20.52","10.57","8.69"
"483","10/27/2014","13.43","3.92",10.85,"31.75","20.6","10.65","8.81"
"484","10/28/2014","13.59","3.68",10.65,"31.32","20.71","11","9.04"
"485","10/29/2014","13.98","3.56",10.57,"31.05","20.91","10.92","9.01"
"486","10/30/2014","14.17","3.56",10.57,"31.25","20.91","10.85","8.69"
"487","10/31/2014","14.51","3.6",10.4,"31.44","21.12","10.48","8.45"
"488","11/3/2014","14.5","3.48",10.32,"31.39","20.99","10.75","8.56"
"489","11/4/2014","14.5","3.48",10.4,"31.55","20.95","10.63","8.48"
"490","11/5/2014","14.49","3.48",10.39,"31.63","21.12","10.58","8.32"
"491","11/6/2014","14.52","3.4",10.34,"31.34","21.23","10.81","8.35"
"492","11/7/2014","14.51","3.43",10.57,"31.14","21.54","10.53","8.27"
"493","11/10/2014","14.47","3.39",10.18,"31.51","21.45","10.73","8.27"
"494","11/11/2014","14.47","3.47",10.57,"31.98","21.02","10.53","7.96"
"495","11/12/2014","14.46","3.31",10.57,"31.42","21.44","10.64","8.15"
"496","11/13/2014","14.46","3.39",10.49,"32.16","21.21","10.1","8.19"
"497","11/14/2014","14.46","3.39",10.49,"32.32","21.05","10.14","8.15"
"498","11/17/2014","14.46","3.31",10.53,"31.93","21.17","10.41","8.19"
"499","11/18/2014","14.46","3.35",10.45,"31.93","20.86","10.8","8.15"
"500","11/19/2014","14.46","3.39",10.37,"31.81","20.86","10.88","8.23"
"501","11/20/2014","14.46","3.51",10.21,"31.77","21.05","10.8","8.19"
"502","11/21/2014","14.46","3.27",10.29,"31.54","21.25","10.76","8.42"
"503","11/24/2014","14.46","3.08",10.14,"31.73","21.17","10.99","8.42"
"504","11/25/2014","14.46","2.96",10.02,"31.46","21.48","11.19","8.42"
"505","11/26/2014","14.46","3.04",9.9,"31.42","21.21","11.42","8.54"
"506","11/27/2014","14.46","2.92",9.86,"31.27","21.52","11.31","8.65"
"507","11/28/2014","14.46","2.77",10.02,"31.41","21.32","11.38","8.65"
"508","12/1/2014","14.46","2.77",9.94,"31.72","21.4","11.15","8.57"
"509","12/2/2014","14.46","2.53",9.98,"31.33","21.67","11.46","8.57"
"510","12/3/2014","14.46","2.61",9.82,"31.18","21.78","11.42","8.73"
"511","12/4/2014","14.42","2.57",9.56,"30.87","22.32","11.39","8.86"
"512","12/5/2014","14.42","2.64",9.91,"31.56","21.69","11.19","8.59"
"513","12/8/2014","14.45","2.49",9.79,"31.88","21.32","11.53","8.54"
"514","12/9/2014","14.45","2.52",10.25,"33.01","21.09","10.33","8.35"
"515","12/10/2014","14.44","2.29",9.78,"32.65","21.2","11.22","8.42"
"516","12/11/2014","14.44","2.17",9.74,"32.14","21.74","11.26","8.5"
"517","12/12/2014","14.44","2.13",9.62,"32.01","21.69","11.6","8.5"
"518","12/15/2014","14.44","2.1",9.51,"31.51","22.16","11.64","8.65"
"519","12/16/2014","14.44","2.13",9.24,"32.09","21.81","11.64","8.65"
"520","12/17/2014","14.44","2.17",9.47,"31.82","22.08","11.49","8.54"
"521","12/18/2014","14.44","2.1",9.7,"32.05","21.77","11.37","8.58"
"522","12/19/2014","14.44","2.02",9.93,"32.36","21.5","11.1","8.65"
"523","12/22/2014","14.44","1.98",10.67,"34.03","20.22","10.36","8.3"
"524","12/23/2014","14.44","2.1",11.14,"34.07","19.83","10.24","8.19"
"525","12/24/2014","14.44","2.06",10.71,"33.57","20.41","10.59","8.23"
"526","12/25/2014","14.44","2.02",10.4,"33.29","20.84","10.55","8.46"
"527","12/26/2014","14.44","1.94",10.24,"33.37","20.92","10.55","8.54"
"528","12/29/2014","14.44","1.86",10.36,"33.84","20.92","10.36","8.23"
"529","12/30/2014","14.39","1.98",10.62,"34.51","20.24","10.08","8.18"
"530","12/31/2014","13.9","1.32",9.49,"34.93","21.07","9.95","9.33"
"531","1/1/2015","13.88","1.31",9.51,"35.02","21.03","9.93","9.32"
"532","1/2/2015","13.88","1.31",9.51,"35.02","21.03","9.93","9.32"
"533","1/5/2015","13.88","1.28",9.05,"35.41","20.99","9.93","9.47"
"534","1/6/2015","13.88","1.2",8.81,"34.98","21.3","10.13","9.7"
"535","1/7/2015","13.88","1.2",8.89,"35.25","21.14","10.09","9.55"
"536","1/8/2015","13.88","1.31",9.05,"34.98","21.22","10.05","9.51"
"537","1/9/2015","13.88","1.31",9.28,"34.94","21.3","9.97","9.32"
"538","1/12/2015","13.88","1.39",9.66,"34.83","21.07","10.01","9.16"
"539","1/13/2015","13.88","1.39",9.47,"34.67","20.87","10.4","9.32"
"540","1/14/2015","13.88","1.43",9.47,"34.75","20.83","10.24","9.39"
"541","1/15/2015","13.88","1.35",9.24,"34.79","21.18","10.17","9.39"
"542","1/16/2015","13.88","1.31",9.05,"34.4","21.3","10.63","9.43"
"543","1/19/2015","13.88","1.62",9.97,"34.21","20.56","10.63","9.12"
"544","1/20/2015","13.88","1.55",9.24,"33.44","21.53","10.94","9.43"
"545","1/21/2015","13.87","1.39",8.73,"33.15","22.3","10.9","9.66"
"546","1/22/2015","13.85","1.31",8.6,"32.79","22.49","11.15","9.8"
"547","1/23/2015","13.82","1.31",8.81,"33.18","21.94","11.2","9.74"
"548","1/26/2015","13.8","1.27",8.34,"33.03","22.41","11.38","9.77"
"549","1/27/2015","13.79","1.31",8.37,"32.53","22.66","11.41","9.95"
"550","1/28/2015","13.73","1.3",8.52,"32.95","22.44","11.12","9.93"
"551","1/29/2015","13.72","1.34",8.55,"33.15","22.23","11.15","9.85"
"552","1/30/2015","13.72","1.42",8.66,"33.52","22.22","10.69","9.77"
"553","2/2/2015","13.72","1.53",8.81,"33.49","22.15","10.54","9.77"
"554","2/3/2015","13.72","1.46",8.47,"32.84","22.68","10.96","9.89"
"555","2/4/2015","13.72","1.49",8.54,"33.1","22.3","11","9.85"
"556","2/5/2015","13.72","1.57",8.81,"32.76","22.22","11.11","9.81"
"557","2/6/2015","13.72","1.72",8.74,"33.33","21.8","10.96","9.73"
"558","2/9/2015","13.72","1.8",8.7,"33.68","21.72","10.61","9.77"
"559","2/10/2015","13.79","1.65",8.74,"33.37","21.88","10.73","9.85"
"560","2/11/2015","13.75","1.61",8.58,"33.07","22.18","10.92","9.89"
"561","2/12/2015","13.75","1.65",8.31,"32.76","22.64","10.77","10.11"
"562","2/13/2015","13.75","1.61",8.05,"32.53","22.68","11.15","10.23"
"563","2/16/2015","13.72","1.57",7.7,"32.22","23.07","11.46","10.27"
"564","2/17/2015","13.62","1.45",7.73,"32.15","23.04","11.67","10.33"
"565","2/18/2015","13.55","1.45",7.77,"32.43","22.92","11.61","10.28"
"566","2/19/2015","13.55","1.45",7.77,"32.43","22.92","11.61","10.28"
"567","2/20/2015","13.55","1.45",7.77,"32.43","22.92","11.61","10.28"
"568","2/23/2015","13.55","1.45",7.77,"32.43","22.92","11.61","10.28"
"569","2/24/2015","13.55","1.45",7.77,"32.43","22.92","11.61","10.28"
"570","2/25/2015","13.55","1.41",7.88,"32.39","22.92","11.46","10.39"
"571","2/26/2015","13.55","1.29",7.69,"32.19","23.21","11.68","10.39"
"572","2/27/2015","13.5","1.33",7.38,"32.36","23.08","11.9","10.46"
"573","3/2/2015","13.49","1.18",7.18,"31.74","23.49","11.97","10.95"
"574","3/3/2015","13.52","1.44",7.14,"31.79","23.47","11.93","10.71"
"575","3/4/2015","13.48","1.44",6.91,"31.51","23.58","12.11","10.97"
"576","3/5/2015","13.44","1.48",6.8,"31.47","23.54","12.3","10.97"
"577","3/6/2015","13.4","1.48",6.57,"32.27","23.58","11.96","10.74"
"578","3/9/2015","13.4","1.33",6.61,"31.66","23.77","12.22","11.01"
"579","3/10/2015","13.36","1.4",6.26,"31.66","23.61","12.6","11.09"
"580","3/11/2015","13.33","1.4",6.34,"31.7","23.5","12.6","11.12"
"581","3/12/2015","13.25","1.25",6.49,"32","23.46","12.45","11.09"
"582","3/13/2015","13.29","1.25",6.15,"31.55","23.77","12.6","11.39"
"583","3/16/2015","13.25","1.14",5.92,"30.79","24.22","12.68","12"
"584","3/17/2015","13.21","1.1",5.85,"30.52","24.45","12.72","12.15"
"585","3/18/2015","13.21","1.06",5.69,"29.95","24.6","13.02","12.45"
"586","3/19/2015","13.21","1.06",5.43,"29.75","24.78","13.13","12.64"
"587","3/20/2015","13.13","0.98",5.49,"29.63","24.48","13.28","13.02"
"588","3/23/2015","13.14","0.94",5.21,"29.04","24.7","13.6","13.37"
"589","3/24/2015","12.87","0.98",5.21,"28.95","24.42","14.12","13.44"
"590","3/25/2015","12.78","0.98",5.28,"28.35","24.46","14.4","13.76"
"591","3/26/2015","12.73","0.98",5.16,"29.19","24.37","13.94","13.63"
"592","3/27/2015","12.64","0.98",5.15,"28.71","24.83","14","13.69"
"593","3/30/2015","12.53","0.87",4.89,"28.97","24.76","14.11","13.88"
"594","3/31/2015","12.15","0.9",5.04,"28.67","24.04","14.52","14.67"
"595","4/1/2015","12.15","0.87",4.89,"27.77","24.42","14.82","15.09"
"596","4/2/2015","12.04","0.9",4.59,"27.31","24.38","15.27","15.5"
"597","4/3/2015","11.93","0.87",4.48,"26.45","24.98","15.2","16.1"
"598","4/6/2015","11.93","0.87",4.48,"26.45","24.98","15.2","16.1"
"599","4/7/2015","11.89","0.87",4.18,"25.73","25.36","15.69","16.29"
"600","4/8/2015","11.81","0.79",4.14,"26.3","25.55","15.24","16.18"
"601","4/9/2015","11.66","0.79",4.21,"26.56","25.24","15.5","16.03"
"602","4/10/2015","11.59","0.83",3.88,"25.96","25.24","15.99","16.52"
"603","4/13/2015","11.55","0.71",3.69,"25.13","25.7","16.25","16.97"
"604","4/14/2015","11.44","0.71",3.61,"25.51","25.58","16.03","17.12"
"605","4/15/2015","11.32","0.71",4.1,"26.56","25.28","15.31","16.7"
"606","4/16/2015","11.25","0.71",3.84,"26.11","25.4","15.99","16.7"
"607","4/17/2015","11.4","0.64",3.76,"26.19","25.43","15.84","16.74"
"608","4/20/2015","11.36","0.71",4.06,"27.05","25.02","15.27","16.52"
"609","4/21/2015","11.25","0.6",3.95,"25.77","25.06","16.44","16.93"
"610","4/22/2015","11.32","0.6",3.46,"25.21","25.21","17.01","17.19"
"611","4/23/2015","11.51","0.6",3.49,"25.22","24.85","16.98","17.35"
"612","4/24/2015","11.62","0.71",3.59,"25.19","24.66","17","17.23"
"613","4/27/2015","11.62","0.63",3.5,"25.13","25.02","17.05","17.05"
"614","4/28/2015","11.83","0.63",3.83,"26.27","24.75","16.08","16.6"
"615","4/29/2015","11.83","0.6",3.76,"25.15","25.11","16.67","16.89"
"616","4/30/2015","12.54","0.56",3.65,"25.07","25.15","16.63","16.41"
"617","5/1/2015","12.54","0.56",3.65,"25.07","25.15","16.63","16.41"
"618","5/4/2015","12.5","0.6",3.39,"25.07","24.85","17","16.59"
"619","5/5/2015","12.5","0.67",3.72,"25.74","24.89","16.37","16.11"
"620","5/6/2015","12.5","0.71",4.09,"25.41","25.07","16.22","16"
"621","5/7/2015","12.5","0.71",4.32,"26","24.85","15.7","15.92"
"622","5/8/2015","12.5","0.71",3.87,"24.7","25.56","16.03","16.63"
"623","5/11/2015","12.5","0.67",3.5,"23.77","24.93","17.22","17.41"
"624","5/12/2015","12.5","0.71",3.24,"23.07","25.19","17.56","17.75"
"625","5/13/2015","12.5","0.67",3.39,"22.81","25.22","17.26","18.15"
"626","5/14/2015","12.49","0.67",3.34,"22.22","25.46","17.47","18.36"
"627","5/15/2015","12.47","0.71",3.71,"22.23","24.98","17.56","18.34"
"628","5/18/2015","12.42","0.7",3.62,"21.26","25.25","17.97","18.78"
"629","5/19/2015","12.4","0.7",3.25,"20.7","25.31","18.63","19"
"630","5/20/2015","12.39","0.7",3.06,"20.35","25.11","18.69","19.69"
"631","5/21/2015","12.39","0.7",2.77,"19.51","24.93","19.21","20.5"
"632","5/22/2015","12.39","0.55",2.88,"18.73","25.07","19.54","20.83"
"633","5/25/2015","12.39","0.55",2.77,"17.99","24.89","20.28","21.13"
"634","5/26/2015","12.39","0.55",2.58,"17.07","24.19","20.98","22.23"
"635","5/27/2015","12.39","0.55",2.54,"16.67","23.89","21.17","22.79"
"636","5/28/2015","12.35","0.66",2.83,"17.97","24.55","20.03","21.61"
"637","5/29/2015","12.31","0.66",2.89,"17.66","24.84","19.64","21.99"
"638","6/1/2015","12.3","0.55",2.64,"16.69","24.56","20.28","22.99"
"639","6/2/2015","12.3","0.55",2.42,"15.78","24.27","20.86","23.83"
"640","6/3/2015","12.3","0.55",2.34,"15.45","24.49","20.86","24.01"
"641","6/4/2015","12.3","0.55",2.38,"15.78","24.38","21.05","23.57"
"642","6/5/2015","12.3","0.55",2.05,"15.56","24.63","21.01","23.9"
"643","6/8/2015","12.3","0.4",2.09,"15.78","25.44","20.9","23.1"
"644","6/9/2015","12.3","0.44",2.2,"15.12","25.77","20.79","23.39"
"645","6/10/2015","12.3","0.48",2.09,"14.79","25.18","21.16","24.01"
"646","6/11/2015","12.26","0.51",2.15,"14.38","24.56","21.53","24.6"
"647","6/12/2015","12.22","0.47",2.11,"14.26","24.59","21.57","24.77"
"648","6/15/2015","12.2","0.54",1.81,"15.03","25.23","21.09","24.1"
"649","6/16/2015","12.2","0.54",2.07,"15.79","25.55","20.54","23.3"
"650","6/17/2015","12.2","0.51",1.96,"15.35","25.41","20.73","23.85"
"651","6/18/2015","12.2","0.65",2.07,"16.41","25.63","20.11","22.94"
"652","6/19/2015","12.2","0.76",2.69,"17.89","25.55","19.6","21.31"
"653","6/22/2015","12.2","0.76",2.69,"17.89","25.55","19.6","21.31"
"654","6/23/2015","12.2","0.69",2.54,"17.86","25.7","19.75","21.27"
"655","6/24/2015","12.2","0.58",2.47,"16.84","26.03","20.04","21.85"
"656","6/25/2015","12.2","0.65",2.65,"18.22","25.95","19.6","20.73"
"657","6/26/2015","12.2","0.8",3.09,"20.29","26.42","18.29","18.91"
"658","6/29/2015","12.21","0.8",3.41,"22.93","25.98","17.32","17.36"
"659","6/30/2015","12.18","0.65",2.96,"21.91","26.28","18.19","17.82"
"660","7/1/2015","12.04","0.68",4.07,"24.18","25.12","16.94","16.97"
"661","7/2/2015","12.02","0.79",4.79,"26.42","24.23","15.87","15.87"
"662","7/3/2015","12.01","1.01",5.54,"28.09","23.35","15.04","14.96"
"663","7/6/2015","12.01","1.01",5.29,"29.86","23.6","13.99","14.24"
"664","7/7/2015","12.01","1.08",6.8,"31.08","22.55","12.91","13.56"
"665","7/8/2015","12.01","1.44",7.23,"31.94","21.44","12.81","13.13"
"666","7/9/2015","12.01","0.97",6.44,"31.58","22.45","12.88","13.67"
"667","7/10/2015","12.01","0.76",5.5,"30.5","23.45","13.67","14.1"
"668","7/13/2015","12.01","0.61",4.89,"29.1","24.24","14.53","14.6"
"669","7/14/2015","12.01","0.68",4.71,"27.99","24.6","14.82","15.18"
"670","7/15/2015","12.01","0.94",5.25,"28.74","24.21","14.32","14.53"
"671","7/16/2015","12.01","0.86",5.11,"28.56","24.28","14.53","14.64"
"672","7/17/2015","12.01","0.79",4.78,"26.91","24.71","15.5","15.29"
"673","7/20/2015","12.01","0.79",4.68,"26.29","24.71","15.72","15.79"
"674","7/21/2015","12.01","0.79",4.42,"25.43","25.18","15.97","16.19"
"675","7/22/2015","12.01","0.76",4.42,"24.93","24.96","16.58","16.33"
"676","7/23/2015","12.01","0.72",4.35,"23.45","25.47","17.27","16.73"
"677","7/24/2015","12.01","0.72",4.35,"23.85","25.4","17.01","16.65"
"678","7/27/2015","12.01","1.12",4.82,"26.19","24.21","15.79","15.86"
"679","7/28/2015","12.05","1.04",5.14,"27.45","24.17","14.89","15.25"
"680","7/29/2015","12.19","0.97",4.6,"26.01","24.53","16.12","15.58"
"681","7/30/2015","12.19","1.08",4.89,"26.47","24.78","15.32","15.25"
"682","7/31/2015","12.34","1.12",4.93,"26.94","24.82","15.07","14.78"
"683","8/3/2015","12.34","1.04",5.14,"27.88","25.72","13.88","13.99"
"684","8/4/2015","12.3","0.9",4.68,"26.58","25.68","15.07","14.78"
"685","8/5/2015","12.45","1.01",4.68,"26.4","25.65","15.22","14.6"
"686","8/6/2015","12.45","1.12",4.82,"26.4","25.58","15","14.64"
"687","8/7/2015","12.48","1.08",4.46,"25.4","25.72","15.83","15.04"
"688","8/10/2015","12.63","0.86",4.24,"23.92","25.79","16.76","15.79"
"689","8/11/2015","12.63","0.86",4.21,"23.49","26.12","16.58","16.12"
"690","8/12/2015","12.7","0.9",4.42,"23.96","26.08","16.37","15.58"
"691","8/13/2015","12.7","0.83",4.14,"23.17","26.37","16.69","16.12"
"692","8/14/2015","12.73","0.83",3.96,"23.2","26.4","16.76","16.12"
"693","8/17/2015","12.73","0.83",3.81,"22.84","26.65","16.8","16.33"
"694","8/18/2015","12.88","1.12",4.46,"25.25","25.14","15.83","15.32"
"695","8/19/2015","12.95","1.08",4.35,"24.32","25.61","15.94","15.76"
"696","8/20/2015","13.35","1.08",4.6,"25.22","25.07","15.47","15.22"
"697","8/21/2015","13.38","1.29",5.25,"26.65","24.6","14.5","14.32"
"698","8/24/2015","13.56","1.76",6.01,"28.63","23.53","13.13","13.38"
"699","8/25/2015","13.99","2.16",7.41,"30.22","21.98","11.87","12.37"
"700","8/26/2015","14.6","2.3",7.77,"30.9","21.94","11.22","11.26"
